Workbook

Sheet サマリー
A1: YouTube Factory 分析サマリー 2026-09-01
A2: 対象: moviepy系6ch（clip-lab=凍結中 / akashic-librarian=OAuth未連携 のためスキップ）。至上目標はチャンネル登録者数の増加。
A4: ■ 本日の結論
A5: ・登録者増のボトルネックは再生数ではなく「登録転換」。最も再生を集める 2ch-matome が最も登録に繋がっていない。
A6: ・登録転換を最も強く説明するのは高評価率。n=322 の4分位で 0.17→0.32→0.53→1.07（登録/1000再生）と単調増加し、最下位群の6.3倍。
A7: ・一方 終盤維持率(90-100%)は登録と無相関（0.41 / 0.26 / 0.42 / 0.30）。「最後まで見せれば登録される」は本データでは否定された。
A8: ・にもかかわらず 08-29〜31 の実台本32本では 高評価CTA 50% / 登録CTA 38% / 両方 19% しかなく、62%のショートが登録を一度も求めていなかった。
A9: ・company-facts は 高評価0/4・登録0/4 でCTAが皆無。yokai-watch は設定が存在しない「8行目」を指しており高評価CTAの指示が空振りしていた。
A10: ・対策として pipeline/cta_enforcer.py を新設し、最終行に「高評価→登録」を決定論的に保証。あわせて設定4件を修正した。
A12: ■ チャンネル別サマリー（集計は動画別シートを参照）
A13: channel_id | B13: 集計本数 | C13: 視聴回数 | D13: 高評価率 | E13: 登録者増 | F13: 登録/1000再生 | G13: 評価 | H13: 最優先の打ち手
A14: daily-science | B14: =COUNTIFS(動画別パフォーマンス!$A:$A,A14,動画別パフォーマンス!$M:$M,"○") -> 117 | C14: =SUMIFS(動画別パフォーマンス!$D:$D,動画別パフォーマンス!$A:$A,A14,動画別パフォーマンス!$M:$M,"○") -> 110646 | D14: =IF(C14=0,0,SUMIFS(動画別パフォーマンス!$E:$E,動画別パフォーマンス!$A:$A,A14,動画別パフォーマンス!$M:$M,"○")/C14) -> 0.0045731432 | E14: =SUMIFS(動画別パフォーマンス!$G:$G,動画別パフォーマンス!$A:$A,A14,動画別パフォーマンス!$M:$M,"○") -> 41 | F14: =IF(C14=0,0,E14/C14*1000) -> 0.37055113 | G14: =IF(F14>=0.7,"良好",IF(F14>=0.35,"要改善","危険")) -> 要改善 | H14: 高評価率は高いが登録CTAが実台本で0/4。cta_enforcer の効果が最も出るはず。
A15: scp-lab | B15: =COUNTIFS(動画別パフォーマンス!$A:$A,A15,動画別パフォーマンス!$M:$M,"○") -> 99 | C15: =SUMIFS(動画別パフォーマンス!$D:$D,動画別パフォーマンス!$A:$A,A15,動画別パフォーマンス!$M:$M,"○") -> 86345 | D15: =IF(C15=0,0,SUMIFS(動画別パフォーマンス!$E:$E,動画別パフォーマンス!$A:$A,A15,動画別パフォーマンス!$M:$M,"○")/C15) -> 0.0045978343 | E15: =SUMIFS(動画別パフォーマンス!$G:$G,動画別パフォーマンス!$A:$A,A15,動画別パフォーマンス!$M:$M,"○") -> 66 | F15: =IF(C15=0,0,E15/C15*1000) -> 0.76437547 | G15: =IF(F15>=0.7,"良好",IF(F15>=0.35,"要改善","危険")) -> 良好 | H15: 最良。高評価率0.46%・登録0.76を他chの基準にする。SCP-173系の反復は登録1.23と最も効いており、続投してよい。
A16: 2ch-matome | B16: =COUNTIFS(動画別パフォーマンス!$A:$A,A16,動画別パフォーマンス!$M:$M,"○") -> 30 | C16: =SUMIFS(動画別パフォーマンス!$D:$D,動画別パフォーマンス!$A:$A,A16,動画別パフォーマンス!$M:$M,"○") -> 32368 | D16: =IF(C16=0,0,SUMIFS(動画別パフォーマンス!$E:$E,動画別パフォーマンス!$A:$A,A16,動画別パフォーマンス!$M:$M,"○")/C16) -> 0.0025333663 | E16: =SUMIFS(動画別パフォーマンス!$G:$G,動画別パフォーマンス!$A:$A,A16,動画別パフォーマンス!$M:$M,"○") -> 5 | F16: =IF(C16=0,0,E16/C16*1000) -> 0.15447355 | G16: =IF(F16>=0.7,"良好",IF(F16>=0.35,"要改善","危険")) -> 危険 | H16: 最大の課題。再生は最多だが登録は最低。高評価率0.25%をまず0.4%へ。参加型CTAが高評価CTAを押しのけている。
A17: pokemon-lab | B17: =COUNTIFS(動画別パフォーマンス!$A:$A,A17,動画別パフォーマンス!$M:$M,"○") -> 30 | C17: =SUMIFS(動画別パフォーマンス!$D:$D,動画別パフォーマンス!$A:$A,A17,動画別パフォーマンス!$M:$M,"○") -> 40101 | D17: =IF(C17=0,0,SUMIFS(動画別パフォーマンス!$E:$E,動画別パフォーマンス!$A:$A,A17,動画別パフォーマンス!$M:$M,"○")/C17) -> 0.002917633 | E17: =SUMIFS(動画別パフォーマンス!$G:$G,動画別パフォーマンス!$A:$A,A17,動画別パフォーマンス!$M:$M,"○") -> 11 | F17: =IF(C17=0,0,E17/C17*1000) -> 0.27430737 | G17: =IF(F17>=0.7,"良好",IF(F17>=0.35,"要改善","危険")) -> 危険 | H17: 高評価率0.29%が低い。『え、マジで？』の驚き設計を3行目の数字比較に集中させる。
A18: yokai-watch | B18: =COUNTIFS(動画別パフォーマンス!$A:$A,A18,動画別パフォーマンス!$M:$M,"○") -> 30 | C18: =SUMIFS(動画別パフォーマンス!$D:$D,動画別パフォーマンス!$A:$A,A18,動画別パフォーマンス!$M:$M,"○") -> 39077 | D18: =IF(C18=0,0,SUMIFS(動画別パフォーマンス!$E:$E,動画別パフォーマンス!$A:$A,A18,動画別パフォーマンス!$M:$M,"○")/C18) -> 0.0037106226 | E18: =SUMIFS(動画別パフォーマンス!$G:$G,動画別パフォーマンス!$A:$A,A18,動画別パフォーマンス!$M:$M,"○") -> 11 | F18: =IF(C18=0,0,E18/C18*1000) -> 0.28149551 | G18: =IF(F18>=0.7,"良好",IF(F18>=0.35,"要改善","危険")) -> 危険 | H18: 『8行目』誤記で高評価CTAが空振りしていた。修正済みのため次サイクルで効果を測る。
A19: company-facts | B19: =COUNTIFS(動画別パフォーマンス!$A:$A,A19,動画別パフォーマンス!$M:$M,"○") -> 0 | C19: =SUMIFS(動画別パフォーマンス!$D:$D,動画別パフォーマンス!$A:$A,A19,動画別パフォーマンス!$M:$M,"○") -> 0 | D19: =IF(C19=0,0,SUMIFS(動画別パフォーマンス!$E:$E,動画別パフォーマンス!$A:$A,A19,動画別パフォーマンス!$M:$M,"○")/C19) -> 0 | E19: =SUMIFS(動画別パフォーマンス!$G:$G,動画別パフォーマンス!$A:$A,A19,動画別パフォーマンス!$M:$M,"○") -> 0 | F19: =IF(C19=0,0,E19/C19*1000) -> 0 | G19: =IF(F19>=0.7,"良好",IF(F19>=0.35,"要改善","危険")) -> 危険 | H19: CTAが皆無（高評価0/4・登録0/4）。加えて video_metrics に取り込まれておらず実績が測れていない。取り込み経路の確認が必要。
A20: 合計 / 加重平均 | B20: =SUM(B14:B19) -> 306 | C20: =SUM(C14:C19) -> 308537 | D20: =IF(C20=0,0,SUM(E14:E19)*0+SUMPRODUCT(C14:C19,D14:D19)/C20) -> 0.0040416546 | E20: =SUM(E14:E19) -> 134 | F20: =IF(C20=0,0,E20/C20*1000) -> 0.43430772
A22: ■ 高評価率と登録転換の関係（本日の中核的発見・n=322）
A23: 高評価率の帯 | B23: 本数 | C23: 平均視聴回数 | D23: 登録/1000再生 | E23: 最下位群比
A24: 0-0.2% | B24: 72 | C24: 821 | D24: 0.17 | E24: =IF($D$24=0,0,D24/$D$24) -> 1
A25: 0.2-0.4% | B25: 102 | C25: 1101 | D25: 0.32 | E25: =IF($D$24=0,0,D25/$D$24) -> 1.8823529
A26: 0.4-0.8% | B26: 119 | C26: 1007 | D26: 0.53 | E26: =IF($D$24=0,0,D26/$D$24) -> 3.1176471
A27: 0.8%以上 | B27: 29 | C27: 804 | D27: 1.07 | E27: =IF($D$24=0,0,D27/$D$24) -> 6.2941176
A29: ■ 終盤維持率と登録転換（無相関・改善対象から外す根拠）
A30: 終盤維持率(90-100%) | B30: 本数 | C30: 平均視聴回数 | D30: 登録/1000再生
A31: 15%未満 | B31: 76 | C31: 1047 | D31: 0.41
A32: 15-25% | B32: 43 | C32: 1157 | D32: 0.26
A33: 25-40% | B33: 28 | C33: 1191 | D33: 0.42
A34: 40%以上 | B34: 15 | C34: 1327 | D34: 0.3
A35: → 単調性が無く、最上位帯がむしろ低い。登録の打ち手として終盤維持率は追わない。

Sheet チャンネル別詳細
A1: チャンネル別詳細
A2: 維持率カーブは retention_curve の全曲線をチャンネル平均したもの（100%超は再視聴・ループを含むYouTube仕様）。
A4: ■ 08月の登録者純増（channel_metrics・APIの反映遅延により08-28まで）
A5: channel_id | B5: 視聴回数 | C5: 登録増 | D5: 登録減 | E5: 純増 | F5: 登録/1000再生
A6: 2ch-matome | B6: 32370 | C6: 9 | D6: 2 | E6: =C6-D6 -> 7 | F6: =IF(B6=0,0,E6/B6*1000) -> 0.21624961
A7: daily-science | B7: 39413 | C7: 22 | D7: 9 | E7: =C7-D7 -> 13 | F7: =IF(B7=0,0,E7/B7*1000) -> 0.32984041
A8: fake-paper | B8: 4185 | C8: 0 | D8: 0 | E8: =C8-D8 -> 0 | F8: =IF(B8=0,0,E8/B8*1000) -> 0
A9: pokemon-lab | B9: 41459 | C9: 15 | D9: 4 | E9: =C9-D9 -> 11 | F9: =IF(B9=0,0,E9/B9*1000) -> 0.26532237
A10: scp-lab | B10: 36211 | C10: 34 | D10: 6 | E10: =C10-D10 -> 28 | F10: =IF(B10=0,0,E10/B10*1000) -> 0.7732457
A11: yokai-watch | B11: 39700 | C11: 13 | D11: 3 | E11: =C11-D11 -> 10 | F11: =IF(B11=0,0,E11/B11*1000) -> 0.25188917
A13: ■ 平均維持率カーブ（%）
A14: channel_id | B14: 本数 | C14: 0% | D14: 10% | E14: 20% | F14: 30% | G14: 40% | H14: 50% | I14: 60% | J14: 70% | K14: 80% | L14: 90% | M14: 100%
A15: 2ch-matome | B15: 16 | C15: 1.1035812 | D15: 1.0275761 | E15: 0.742425 | F15: 0.54421625 | G15: 0.43297847 | H15: 0.35383375 | I15: 0.29654 | J15: 0.25119375 | K15: 0.18640341 | L15: 0.13441812 | M15: 0.113455
A16: daily-science | B16: 66 | C16: 1.2539053 | D16: 1.1815674 | E16: 0.88296045 | F16: 0.6724553 | G16: 0.5728564 | H16: 0.50930864 | I16: 0.45950455 | J16: 0.42434121 | K16: 0.36879174 | L16: 0.29279348 | M16: 0.26726939
A17: fake-paper | B17: 5 | C17: 1.09322 | D17: 0.98616909 | E17: 0.49965 | F17: 0.330826 | G17: 0.25016667 | H17: 0.20572 | I17: 0.168698 | J17: 0.14599 | K17: 0.12855455 | L17: 0.109654 | M17: 0.099692
A18: pokemon-lab | B18: 31 | C18: 1.1989653 | D18: 1.1002971 | E18: 0.84712742 | F18: 0.65657613 | G18: 0.55984122 | H18: 0.49982871 | I18: 0.470981 | J18: 0.436844 | K18: 0.37259545 | L18: 0.261086 | M18: 0.2248
A19: scp-lab | B19: 32 | C19: 1.1594398 | D19: 1.0875665 | E19: 0.82496406 | F19: 0.60771562 | G19: 0.49714375 | H19: 0.44041906 | I19: 0.40037875 | J19: 0.3711275 | K19: 0.33063352 | L19: 0.22954406 | M19: 0.18004687
A20: yokai-watch | B20: 32 | C20: 1.1771414 | D20: 1.0789946 | E20: 0.78899594 | F20: 0.58693781 | G20: 0.47719965 | H20: 0.41644594 | I20: 0.37231969 | J20: 0.33529906 | K20: 0.29828551 | L20: 0.23409806 | M20: 0.19905871
A22: → 全チャンネルで 10%→30% の区間が最大の崖。ただし終盤維持率は登録と無相関のため、ここの改善は視聴時間には効くが登録者数には効かない（サマリー参照）。

Sheet 動画別パフォーマンス
A1: 動画別パフォーマンス（各動画の最新スナップショット）
A2: 出典: data/analytics/analytics.db video_metrics / retention_curve。視聴回数200未満は統計ノイズが大きいため集計から除外している（除外行はグレー表示）。
A4: channel_id | B4: 公開日 | C4: タイトル | D4: 視聴回数 | E4: 高評価 | F4: 高評価率 | G4: 登録者増 | H4: 登録/1000再生 | I4: インプレッション | J4: CTR | K4: 平均視聴率 | L4: 終盤維持率(90-100%) | M4: 集計対象
A5: 2ch-matome | B5: 2026-08-09 | C5: 30秒スレまとめ：残業代はやる気で払う#上司「残業代はやる気で払う」発言から、なぜか全員消えた職場の末路 #shorts #ゆっくり解説 | D5: 1360 | E5: 3 | F5: =IF(D5=0,0,E5/D5) -> 0.0022058824 | G5: 0 | H5: =IF(D5=0,0,G5/D5*1000) -> 0 | I5: 46 | J5: 0.10869565 | K5: 0.4507 | L5: 0.11222 | M5: =IF(D5>=200,"○","-") -> ○
A6: 2ch-matome | B6: 2026-08-13 | C6: ワイの今日の昼飯を当てるスレw【ショート】 | D6: 1438 | E6: 3 | F6: =IF(D6=0,0,E6/D6) -> 0.0020862309 | G6: 0 | H6: =IF(D6=0,0,G6/D6*1000) -> 0 | I6: 52 | J6: 0.019230769 | K6: 0.6644 | L6: 0.237195 | M6: =IF(D6>=200,"○","-") -> ○
A7: 2ch-matome | B7: 2026-08-13 | C7: コンビニで一番いらん商品あげてけ【ショート】 | D7: 1086 | E7: 1 | F7: =IF(D7=0,0,E7/D7) -> 0.00092081031 | G7: 0 | H7: =IF(D7=0,0,G7/D7*1000) -> 0 | I7: 36 | J7: 0.027777778 | K7: 1.2551 | M7: =IF(D7>=200,"○","-") -> ○
A8: 2ch-matome | B8: 2026-08-14 | C8: なんかPCの画面チカチカするんやが【ショート】 | D8: 1305 | E8: 4 | F8: =IF(D8=0,0,E8/D8) -> 0.0030651341 | G8: 2 | H8: =IF(D8=0,0,G8/D8*1000) -> 1.532567 | I8: 75 | J8: 0.026666667 | K8: 0.5116 | L8: 0.10096 | M8: =IF(D8>=200,"○","-") -> ○
A9: 2ch-matome | B9: 2026-08-14 | C9: 彼女の部屋でヤバい物あげてけw【ショート】 | D9: 1366 | E9: 3 | F9: =IF(D9=0,0,E9/D9) -> 0.0021961933 | G9: 1 | H9: =IF(D9=0,0,G9/D9*1000) -> 0.73206442 | I9: 33 | J9: 0 | K9: 0.4988 | L9: 0.085165 | M9: =IF(D9>=200,"○","-") -> ○
A10: 2ch-matome | B10: 2026-08-15 | C10: ワイ、彼女いない歴＝年齢やけど質問ある？【ショート】 | D10: 1655 | E10: 4 | F10: =IF(D10=0,0,E10/D10) -> 0.0024169184 | G10: 0 | H10: =IF(D10=0,0,G10/D10*1000) -> 0 | I10: 35 | J10: 0.085714286 | K10: 0.6419 | L10: 0.192105 | M10: =IF(D10>=200,"○","-") -> ○
A11: 2ch-matome | B11: 2026-08-15 | C11: ワイのキーボードの変な癖あげてけw【ショート】 | D11: 1190 | E11: 0 | F11: =IF(D11=0,0,E11/D11) -> 0 | G11: 0 | H11: =IF(D11=0,0,G11/D11*1000) -> 0 | I11: 25 | J11: 0 | K11: 0.5127 | M11: =IF(D11>=200,"○","-") -> ○
A12: 2ch-matome | B12: 2026-08-16 | C12: なんかスマホの充電だけ遅いんやが【ショート】 | D12: 1350 | E12: 1 | F12: =IF(D12=0,0,E12/D12) -> 0.00074074074 | G12: 0 | H12: =IF(D12=0,0,G12/D12*1000) -> 0 | I12: 30 | J12: 0 | K12: 0.7217 | L12: 0.33558 | M12: =IF(D12>=200,"○","-") -> ○
A13: 2ch-matome | B13: 2026-08-17 | C13: 後輩「敬語って課金制ですよね？」→翌朝、全員が黙った #shorts #2ch #スカッと | D13: 1353 | E13: 4 | F13: =IF(D13=0,0,E13/D13) -> 0.0029563932 | G13: 0 | H13: =IF(D13=0,0,G13/D13*1000) -> 0 | I13: 32 | J13: 0 | K13: 0.5715 | L13: 0.226515 | M13: =IF(D13>=200,"○","-") -> ○
A14: 2ch-matome | B14: 2026-08-17 | C14: 実際には存在しないけどありそうな県名あげてけ【ショート】 | D14: 1161 | E14: 3 | F14: =IF(D14=0,0,E14/D14) -> 0.0025839793 | G14: 0 | H14: =IF(D14=0,0,G14/D14*1000) -> 0 | I14: 27 | J14: 0 | K14: 1.096 | M14: =IF(D14>=200,"○","-") -> ○
A15: 2ch-matome | B15: 2026-08-17 | C15: 絶対に二度見される部屋着あげてけw【ショート】 | D15: 1236 | E15: 6 | F15: =IF(D15=0,0,E15/D15) -> 0.0048543689 | G15: 0 | H15: =IF(D15=0,0,G15/D15*1000) -> 0 | I15: 23 | J15: 0 | K15: 0.8136 | M15: =IF(D15>=200,"○","-") -> ○
A16: 2ch-matome | B16: 2026-08-17 | C16: ワイ、AIに変な質問する係やけど質問ある？w【ショート】 | D16: 1 | E16: 0 | F16: =IF(D16=0,0,E16/D16) -> 0 | G16: 0 | H16: =IF(D16=0,0,G16/D16*1000) -> 0 | I16: 33 | J16: 0 | K16: 0.808 | M16: =IF(D16>=200,"○","-") -> -
A17: 2ch-matome | B17: 2026-08-17 | C17: 飲み会で絶対見られたくない通知あげてけw【ショート】 | D17: 2 | E17: 0 | F17: =IF(D17=0,0,E17/D17) -> 0 | G17: 0 | H17: =IF(D17=0,0,G17/D17*1000) -> 0 | I17: 24 | J17: 0 | K17: 0.3383 | M17: =IF(D17>=200,"○","-") -> -
A18: 2ch-matome | B18: 2026-08-18 | C18: 存在しないゲームの迷惑機能あげてけw【ショート】 | D18: 1144 | E18: 2 | F18: =IF(D18=0,0,E18/D18) -> 0.0017482517 | G18: 0 | H18: =IF(D18=0,0,G18/D18*1000) -> 0 | I18: 22 | J18: 0 | K18: 0.514 | M18: =IF(D18>=200,"○","-") -> ○
A19: 2ch-matome | B19: 2026-08-18 | C19: なんか靴下だけ消えるんやがw【ショート】 | D19: 702 | E19: 1 | F19: =IF(D19=0,0,E19/D19) -> 0.0014245014 | G19: 0 | H19: =IF(D19=0,0,G19/D19*1000) -> 0 | I19: 33 | J19: 0.03030303 | K19: 0.5542 | M19: =IF(D19>=200,"○","-") -> ○
A20: 2ch-matome | B20: 2026-08-19 | C20: PCパーツ到着時、なぜ箱だけ先に届くのか？【ショート】 | D20: 1811 | E20: 4 | F20: =IF(D20=0,0,E20/D20) -> 0.0022087245 | G20: 0 | H20: =IF(D20=0,0,G20/D20*1000) -> 0 | I20: 32 | J20: 0.28125 | K20: 0.4193 | L20: 0.070905 | M20: =IF(D20>=200,"○","-") -> ○
A21: 2ch-matome | B21: 2026-08-19 | C21: なぜケンタッキー月見は3秒で秋の給料日になるのか、食べた感想あげてけw【ショート】 | D21: 249 | E21: 0 | F21: =IF(D21=0,0,E21/D21) -> 0 | G21: 0 | H21: =IF(D21=0,0,G21/D21*1000) -> 0 | I21: 139 | J21: 0 | K21: 0.3493 | M21: =IF(D21>=200,"○","-") -> ○
A22: 2ch-matome | B22: 2026-08-20 | C22: ちいかわチョコサプ、なぜ中身が攻めすぎなのか？3秒予想してみたら草【ショート】 | D22: 820 | E22: 1 | F22: =IF(D22=0,0,E22/D22) -> 0.0012195122 | G22: 1 | H22: =IF(D22=0,0,G22/D22*1000) -> 1.2195122 | I22: 27 | J22: 0 | K22: 0.3193 | M22: =IF(D22>=200,"○","-") -> ○
A23: 2ch-matome | B23: 2026-08-20 | C23: ワイ、アジア大会珍プレー歴0年やけど質問ある？w🤣【ショート】 | D23: 587 | E23: 1 | F23: =IF(D23=0,0,E23/D23) -> 0.0017035775 | G23: 0 | H23: =IF(D23=0,0,G23/D23*1000) -> 0 | I23: 53 | J23: 0.018867925 | K23: 0.2448 | M23: =IF(D23>=200,"○","-") -> ○
A24: 2ch-matome | B24: 2026-08-21 | C24: 3秒で考えろ！この戦闘機の名前が親戚回避型な理由とは？【ショート】 | D24: 967 | E24: 5 | F24: =IF(D24=0,0,E24/D24) -> 0.0051706308 | G24: 0 | H24: =IF(D24=0,0,G24/D24*1000) -> 0 | I24: 26 | J24: 0 | K24: 0.3263 | L24: 0.06039 | M24: =IF(D24>=200,"○","-") -> ○
A25: 2ch-matome | B25: 2026-08-21 | C25: ワイ、サーモス歴3年やけど質問ある？w😏【ショート】 | D25: 950 | E25: 3 | F25: =IF(D25=0,0,E25/D25) -> 0.0031578947 | G25: 0 | H25: =IF(D25=0,0,G25/D25*1000) -> 0 | I25: 32 | J25: 0 | K25: 0.3644 | M25: =IF(D25>=200,"○","-") -> ○
A26: 2ch-matome | B26: 2026-08-21 | C26: なぜ熱闘甲子園の夜だけ空気が変わる？お前らの夏の思い出5つ聞かせろ【ショート】 | D26: 967 | E26: 5 | F26: =IF(D26=0,0,E26/D26) -> 0.0051706308 | G26: 0 | H26: =IF(D26=0,0,G26/D26*1000) -> 0 | I26: 51 | J26: 0 | K26: 0.3015 | L26: 0.09793 | M26: =IF(D26>=200,"○","-") -> ○
A27: 2ch-matome | B27: 2026-08-22 | C27: なぜ3秒でバレる？お前らをブラックラグーンで例えた結果【ショート】 | D27: 1088 | E27: 1 | F27: =IF(D27=0,0,E27/D27) -> 0.00091911765 | G27: 0 | H27: =IF(D27=0,0,G27/D27*1000) -> 0 | I27: 249 | J27: 0.0040160643 | K27: 0.2712 | L27: 0.093515 | M27: =IF(D27>=200,"○","-") -> ○
A28: 2ch-matome | B28: 2026-08-23 | C28: ワイ、GTA6妄想歴6年やけど質問ある？w💦【ショート】 | D28: 1088 | E28: 0 | F28: =IF(D28=0,0,E28/D28) -> 0 | G28: 0 | H28: =IF(D28=0,0,G28/D28*1000) -> 0 | I28: 31 | J28: 0 | K28: 0.231 | L28: 0.02785 | M28: =IF(D28>=200,"○","-") -> ○
A29: 2ch-matome | B29: 2026-08-24 | C29: 味の素3粒、実は何に使うのか？意外すぎる活用法をあげてけｗ【ショート】 | D29: 1153 | E29: 7 | F29: =IF(D29=0,0,E29/D29) -> 0.0060711188 | G29: 0 | H29: =IF(D29=0,0,G29/D29*1000) -> 0 | I29: 54 | J29: 0 | K29: 0.2663 | L29: 0.03911 | M29: =IF(D29>=200,"○","-") -> ○
A30: 2ch-matome | B30: 2026-08-25 | C30: 🤯ワイ、友達の家でヤバい物を3個見たんやがw🤯【ショート】 | D30: 855 | E30: 2 | F30: =IF(D30=0,0,E30/D30) -> 0.0023391813 | G30: 0 | H30: =IF(D30=0,0,G30/D30*1000) -> 0 | I30: 20 | J30: 0 | K30: 0.3913 | M30: =IF(D30>=200,"○","-") -> ○
A31: 2ch-matome | B31: 2026-08-26 | C31: 実は迷子続出？ドラゴンボールパークで何が起きたのか【ショート】 | D31: 961 | E31: 5 | F31: =IF(D31=0,0,E31/D31) -> 0.0052029136 | G31: 0 | H31: =IF(D31=0,0,G31/D31*1000) -> 0 | I31: 51 | J31: 0.019607843 | K31: 0.3465 | M31: =IF(D31>=200,"○","-") -> ○
A32: 2ch-matome | B32: 2026-08-27 | C32: 彼女の家で開けたらアカン引き出し開けたんやが #shorts #2ch #面白いスレ | D32: 839 | E32: 1 | F32: =IF(D32=0,0,E32/D32) -> 0.0011918951 | G32: 0 | H32: =IF(D32=0,0,G32/D32*1000) -> 0 | I32: 67 | J32: 0 | K32: 0.5066 | L32: 0.175505 | M32: =IF(D32>=200,"○","-") -> ○
A33: 2ch-matome | B33: 2026-08-27 | C33: 🤣ワイ、大谷の昼飯を3秒で当てるスレw🤣【ショート】 | D33: 957 | E33: 3 | F33: =IF(D33=0,0,E33/D33) -> 0.0031347962 | G33: 0 | H33: =IF(D33=0,0,G33/D33*1000) -> 0 | I33: 39 | J33: 0 | K33: 1.4519 | M33: =IF(D33>=200,"○","-") -> ○
A34: 2ch-matome | B34: 2026-08-28 | C34: 💦ワイ、夫が寝た後の秘密3つあげてけw🤣【ショート】 | D34: 878 | E34: 1 | F34: =IF(D34=0,0,E34/D34) -> 0.0011389522 | G34: 0 | H34: =IF(D34=0,0,G34/D34*1000) -> 0 | I34: 15 | J34: 0 | K34: 0.3578 | M34: =IF(D34>=200,"○","-") -> ○
A35: 2ch-matome | B35: 2026-08-28 | C35: 🤣ワイ、落雷を3秒で見たんやが質問ある？w🍑【ショート】 | D35: 926 | E35: 4 | F35: =IF(D35=0,0,E35/D35) -> 0.0043196544 | G35: 0 | H35: =IF(D35=0,0,G35/D35*1000) -> 0 | I35: 20 | J35: 0 | K35: 0.307 | L35: 0.0291 | M35: =IF(D35>=200,"○","-") -> ○
A36: 2ch-matome | B36: 2026-08-29 | C36: なぜPS5 Proに期待する？値段で胃が痛い理由とはw【ショート】 | D36: 926 | E36: 4 | F36: =IF(D36=0,0,E36/D36) -> 0.0043196544 | G36: 1 | H36: =IF(D36=0,0,G36/D36*1000) -> 1.0799136 | I36: 22 | J36: 0.045454545 | K36: 0.3787 | L36: 0.09894 | M36: =IF(D36>=200,"○","-") -> ○
A37: 2ch-matome | B37: 2026-08-30 | C37: 動画作りに7万課金した男、なぜ昼飯が塩むすびになったのか？【ショート】 | D37: 0 | E37: 0 | F37: =IF(D37=0,0,E37/D37) -> 0 | G37: 0 | H37: =IF(D37=0,0,G37/D37*1000) -> 0 | I37: 0 | J37: 0 | K37: 0 | M37: =IF(D37>=200,"○","-") -> -
A38: 2ch-matome | B38: 2026-08-30 | C38: 実は家族に見られた通販履歴…一番言い訳できない理由は？【ショート】 | D38: 0 | E38: 0 | F38: =IF(D38=0,0,E38/D38) -> 0 | G38: 0 | H38: =IF(D38=0,0,G38/D38*1000) -> 0 | I38: 0 | J38: 0 | K38: 0 | M38: =IF(D38>=200,"○","-") -> -
A39: 2ch-matome | B39: 2026-08-31 | C39: なぜPSで一番いらないゲームが生まれるのか？ 博牛【ショート】 | D39: 0 | E39: 0 | F39: =IF(D39=0,0,E39/D39) -> 0 | G39: 0 | H39: =IF(D39=0,0,G39/D39*1000) -> 0 | I39: 0 | J39: 0 | K39: 0 | M39: =IF(D39>=200,"○","-") -> -
A40: daily-science | B40: 2026-05-12 | C40: 【ゆっくり解説】雨の日に落ち込むのは科学的根拠があった！「雨の日に気分が落ち込むのは錯覚じゃなかった！科学で判明した驚きの理由」 | D40: 0 | E40: 0 | F40: =IF(D40=0,0,E40/D40) -> 0 | G40: 0 | H40: =IF(D40=0,0,G40/D40*1000) -> 0 | I40: 0 | J40: 0 | K40: 0 | M40: =IF(D40>=200,"○","-") -> -
A41: daily-science | B41: 2026-05-13 | C41: 【ゆっくり解説】同じ星を見てるのになぜ形が違うの？「【衝撃】星座の形が人によって違う理由が意外すぎた…文化で変わる夜空の見方」 | D41: 0 | E41: 0 | F41: =IF(D41=0,0,E41/D41) -> 0 | G41: 0 | H41: =IF(D41=0,0,G41/D41*1000) -> 0 | I41: 0 | J41: 0 | K41: 0 | M41: =IF(D41>=200,"○","-") -> -
A42: daily-science | B42: 2026-05-14 | C42: 【ゆっくり解説】ブルーライトじゃない本当の犯人は...「なぜ「暗い部屋でスマホ」は目が悪くなるのか？ブルーライト以外の本当にヤバい理由」 | D42: 0 | E42: 0 | F42: =IF(D42=0,0,E42/D42) -> 0 | G42: 0 | H42: =IF(D42=0,0,G42/D42*1000) -> 0 | I42: 0 | J42: 0 | K42: 0 | M42: =IF(D42>=200,"○","-") -> -
A43: daily-science | B43: 2026-05-14 | C43: 【ゆっくり解説】もし酸素が1秒消えたら？想像以上の地球の危機に！「酸素が1秒消えたら？地球に隠された壊滅的な危機」 | D43: 0 | E43: 0 | F43: =IF(D43=0,0,E43/D43) -> 0 | G43: 0 | H43: =IF(D43=0,0,G43/D43*1000) -> 0 | I43: 0 | J43: 0 | K43: 0 | M43: =IF(D43>=200,"○","-") -> -
A44: daily-science | B44: 2026-05-15 | C44: 【ゆっくり解説】水たまりの色が変わる理由、知ってる？普通の水じゃない、水たまりの秘密「色が変わる!? 水たまりの不思議な現象の本当の理由」 | D44: 0 | E44: 0 | F44: =IF(D44=0,0,E44/D44) -> 0 | G44: 0 | H44: =IF(D44=0,0,G44/D44*1000) -> 0 | I44: 0 | J44: 0 | K44: 0 | M44: =IF(D44>=200,"○","-") -> -
A45: daily-science | B45: 2026-05-22 | C45: 【ゆっくり解説】あくびの伝染には隠された法則があった！「なぜあくびが『あの人』にうつるのに『この人』にはうつらない？人類の生存に隠された本当の理由」 | D45: 0 | E45: 0 | F45: =IF(D45=0,0,E45/D45) -> 0 | G45: 0 | H45: =IF(D45=0,0,G45/D45*1000) -> 0 | I45: 0 | J45: 0 | K45: 0 | M45: =IF(D45>=200,"○","-") -> -
A46: daily-science | B46: 2026-05-22 | C46: なぜあくびが『あの人』にうつるのに『この人』にはうつらない？人類の生存に隠された本当の理由【ショート】 | D46: 0 | E46: 0 | F46: =IF(D46=0,0,E46/D46) -> 0 | G46: 0 | H46: =IF(D46=0,0,G46/D46*1000) -> 0 | I46: 0 | J46: 0 | K46: 0 | L46: 0.108335 | M46: =IF(D46>=200,"○","-") -> -
A47: daily-science | B47: 2026-05-22 | C47: 【ゆっくり解説】音楽で涙が出るのは脳の●●が原因だった「なぜか悲しい曲だけ『胸がキュン』となる本当の理由」 | D47: 0 | E47: 0 | F47: =IF(D47=0,0,E47/D47) -> 0 | G47: 0 | H47: =IF(D47=0,0,G47/D47*1000) -> 0 | I47: 0 | J47: 0 | K47: 0 | M47: =IF(D47>=200,"○","-") -> -
A48: daily-science | B48: 2026-05-22 | C48: なぜか悲しい曲だけ『胸がキュン』となる本当の理由【ショート】 | D48: 0 | E48: 0 | F48: =IF(D48=0,0,E48/D48) -> 0 | G48: 0 | H48: =IF(D48=0,0,G48/D48*1000) -> 0 | I48: 0 | J48: 0 | K48: 0 | M48: =IF(D48>=200,"○","-") -> -
A49: daily-science | B49: 2026-05-27 | C49: 【ゆっくり解説】指パキッ→脳内で何が？快感物質が大量放出！「指を鳴らした瞬間、脳で『ある物質』が大量放出される驚きの理由」 | D49: 0 | E49: 0 | F49: =IF(D49=0,0,E49/D49) -> 0 | G49: 0 | H49: =IF(D49=0,0,G49/D49*1000) -> 0 | I49: 0 | J49: 0 | K49: 0 | M49: =IF(D49>=200,"○","-") -> -
A50: daily-science | B50: 2026-05-27 | C50: 指を鳴らした瞬間、脳で『ある物質』が大量放出される驚きの理由【ショート】 | D50: 0 | E50: 0 | F50: =IF(D50=0,0,E50/D50) -> 0 | G50: 0 | H50: =IF(D50=0,0,G50/D50*1000) -> 0 | I50: 0 | J50: 0 | K50: 0 | M50: =IF(D50>=200,"○","-") -> -
A51: daily-science | B51: 2026-05-30 | C51: 【衝撃】87%が相続でモメる…脳の心理バイアス3選 #shorts #ゆっくり解説 | D51: 0 | E51: 0 | F51: =IF(D51=0,0,E51/D51) -> 0 | G51: 0 | H51: =IF(D51=0,0,G51/D51*1000) -> 0 | I51: 0 | J51: 0 | K51: 0 | M51: =IF(D51>=200,"○","-") -> -
A52: daily-science | B52: 2026-05-30 | C52: 【ゆっくり解説】なぜ仲良し家族ほど『相続』でモメるのか？脳科学が暴く3つの真実 | D52: 0 | E52: 0 | F52: =IF(D52=0,0,E52/D52) -> 0 | G52: 0 | H52: =IF(D52=0,0,G52/D52*1000) -> 0 | I52: 0 | J52: 0 | K52: 0 | M52: =IF(D52>=200,"○","-") -> -
A53: daily-science | B53: 2026-05-30 | C53: 【ゆっくり解説】実は脳が勝手に自分を大きく見せる「なぜか自分を『3割増し』で見せたがる人の脳内で起きている本当のこと」 | D53: 0 | E53: 0 | F53: =IF(D53=0,0,E53/D53) -> 0 | G53: 0 | H53: =IF(D53=0,0,G53/D53*1000) -> 0 | I53: 0 | J53: 0 | K53: 0 | M53: =IF(D53>=200,"○","-") -> -
A54: daily-science | B54: 2026-05-30 | C54: なぜか自分を『3割増し』で見せたがる人の脳内で起きている本当のこと【ショート】 | D54: 0 | E54: 0 | F54: =IF(D54=0,0,E54/D54) -> 0 | G54: 0 | H54: =IF(D54=0,0,G54/D54*1000) -> 0 | I54: 0 | J54: 0 | K54: 0 | L54: 0.51279 | M54: =IF(D54>=200,"○","-") -> -
A55: daily-science | B55: 2026-06-01 | C55: 【ゆっくり解説】空気の流れがまさかの原因「シャワーカーテンが『なぜか』体に張り付いてくる本当の理由」 | D55: 0 | E55: 0 | F55: =IF(D55=0,0,E55/D55) -> 0 | G55: 0 | H55: =IF(D55=0,0,G55/D55*1000) -> 0 | I55: 0 | J55: 0 | K55: 0 | M55: =IF(D55>=200,"○","-") -> -
A56: daily-science | B56: 2026-06-01 | C56: シャワーカーテンが『なぜか』体に張り付いてくる本当の理由【ショート】 | D56: 0 | E56: 0 | F56: =IF(D56=0,0,E56/D56) -> 0 | G56: 0 | H56: =IF(D56=0,0,G56/D56*1000) -> 0 | I56: 0 | J56: 0 | K56: 0 | L56: 0.3069 | M56: =IF(D56>=200,"○","-") -> -
A57: daily-science | B57: 2026-06-02 | C57: 【ゆっくり解説】実はブルーライト以外にもっと深刻な原因が...「なぜか夜だけ『スマホが手放せない』のはブルーライトのせいじゃなかった」 | D57: 0 | E57: 0 | F57: =IF(D57=0,0,E57/D57) -> 0 | G57: 0 | H57: =IF(D57=0,0,G57/D57*1000) -> 0 | I57: 0 | J57: 0 | K57: 0 | M57: =IF(D57>=200,"○","-") -> -
A58: daily-science | B58: 2026-06-02 | C58: なぜか夜だけ『スマホが手放せない』のはブルーライトのせいじゃなかった【ショート】 | D58: 0 | E58: 0 | F58: =IF(D58=0,0,E58/D58) -> 0 | G58: 0 | H58: =IF(D58=0,0,G58/D58*1000) -> 0 | I58: 0 | J58: 0 | K58: 0 | M58: =IF(D58>=200,"○","-") -> -
A59: daily-science | B59: 2026-06-03 | C59: 【ゆっくり解説】笑うだけで免疫力UP!?医学的に証明された効果「なぜ笑うだけで病気にならなくなるのか？医学が認めたヤバすぎる免疫効果」 | D59: 0 | E59: 0 | F59: =IF(D59=0,0,E59/D59) -> 0 | G59: 0 | H59: =IF(D59=0,0,G59/D59*1000) -> 0 | I59: 0 | J59: 0 | K59: 0 | M59: =IF(D59>=200,"○","-") -> -
A60: daily-science | B60: 2026-06-03 | C60: なぜ笑うだけで病気にならなくなるのか？医学が認めたヤバすぎる免疫効果【ショート】 | D60: 0 | E60: 0 | F60: =IF(D60=0,0,E60/D60) -> 0 | G60: 0 | H60: =IF(D60=0,0,G60/D60*1000) -> 0 | I60: 0 | J60: 0 | K60: 0 | M60: =IF(D60>=200,"○","-") -> -
A61: daily-science | B61: 2026-06-04 | C61: 【ゆっくり解説】なぜ昨日の記憶だけ？夢が選ぶ記憶の謎「なぜ昨日の出来事が夢に出てくるのに、3年前の記憶は出てこない？夢が『選ぶ』記憶の法則」 | D61: 0 | E61: 0 | F61: =IF(D61=0,0,E61/D61) -> 0 | G61: 0 | H61: =IF(D61=0,0,G61/D61*1000) -> 0 | I61: 0 | J61: 0 | K61: 0 | M61: =IF(D61>=200,"○","-") -> -
A62: daily-science | B62: 2026-06-04 | C62: なぜ昨日の出来事が夢に出てくるのに、3年前の記憶は出てこない？夢が『選ぶ』記憶の法則【ショート】 | D62: 0 | E62: 0 | F62: =IF(D62=0,0,E62/D62) -> 0 | G62: 0 | H62: =IF(D62=0,0,G62/D62*1000) -> 0 | I62: 0 | J62: 0 | K62: 0 | M62: =IF(D62>=200,"○","-") -> -
A63: daily-science | B63: 2026-06-05 | C63: 【ゆっくり解説】静かな場所で突然グルルル...なぜ？「なぜか「お腹の音」だけ止められない本当の理由」 | D63: 0 | E63: 0 | F63: =IF(D63=0,0,E63/D63) -> 0 | G63: 0 | H63: =IF(D63=0,0,G63/D63*1000) -> 0 | I63: 0 | J63: 0 | K63: 0 | M63: =IF(D63>=200,"○","-") -> -
A64: daily-science | B64: 2026-06-05 | C64: なぜか「お腹の音」だけ止められない本当の理由【ショート】 | D64: 0 | E64: 0 | F64: =IF(D64=0,0,E64/D64) -> 0 | G64: 0 | H64: =IF(D64=0,0,G64/D64*1000) -> 0 | I64: 0 | J64: 0 | K64: 0 | L64: 0.09588 | M64: =IF(D64>=200,"○","-") -> -
A65: daily-science | B65: 2026-06-07 | C65: 【ゆっくり解説】同じ42度なのになぜ感じ方が違う？「なぜか42度の風呂で『熱っ！』なのに42度の空気だと涼しく感じる本当の理由」 | D65: 0 | E65: 0 | F65: =IF(D65=0,0,E65/D65) -> 0 | G65: 0 | H65: =IF(D65=0,0,G65/D65*1000) -> 0 | I65: 0 | J65: 0 | K65: 0 | M65: =IF(D65>=200,"○","-") -> -
A66: daily-science | B66: 2026-06-07 | C66: なぜか42度の風呂で『熱っ！』なのに42度の空気だと涼しく感じる本当の理由【ショート】 | D66: 0 | E66: 0 | F66: =IF(D66=0,0,E66/D66) -> 0 | G66: 0 | H66: =IF(D66=0,0,G66/D66*1000) -> 0 | I66: 0 | J66: 0 | K66: 0 | M66: =IF(D66>=200,"○","-") -> -
A67: daily-science | B67: 2026-06-18 | C67: たった1秒で世界が崩壊する#たった1秒で人類が滅ぶ？地球から酸素が消えたら『あの瞬間』に何が起きるのか #shorts #ゆっくり解説 | D67: 0 | E67: 0 | F67: =IF(D67=0,0,E67/D67) -> 0 | G67: 0 | H67: =IF(D67=0,0,G67/D67*1000) -> 0 | I67: 0 | J67: 0 | K67: 0 | M67: =IF(D67>=200,"○","-") -> -
A68: daily-science | B68: 2026-06-19 | C68: たった1秒で地球が終わる!?#もし地球から酸素が1秒だけ消えたら、あなたの体に何が起きるのか #shorts #ゆっくり解説 | D68: 0 | E68: 0 | F68: =IF(D68=0,0,E68/D68) -> 0 | G68: 0 | H68: =IF(D68=0,0,G68/D68*1000) -> 0 | I68: 0 | J68: 0 | K68: 0 | M68: =IF(D68>=200,"○","-") -> -
A69: daily-science | B69: 2026-06-19 | C69: たった1秒で世界は崩壊する？#もし地球から酸素が1秒だけ消えたら、あなたの体に何が起こるのか #shorts #ゆっくり解説 | D69: 0 | E69: 0 | F69: =IF(D69=0,0,E69/D69) -> 0 | G69: 0 | H69: =IF(D69=0,0,G69/D69*1000) -> 0 | I69: 0 | J69: 0 | K69: 0 | M69: =IF(D69>=200,"○","-") -> -
A70: daily-science | B70: 2026-06-20 | C70: たった1秒で…世界が崩壊する#たった1秒で人類は終わる？地球から酸素が消えたら起こる『あの現象』が怖すぎる #shorts #ゆっくり解説 | D70: 0 | E70: 0 | F70: =IF(D70=0,0,E70/D70) -> 0 | G70: 0 | H70: =IF(D70=0,0,G70/D70*1000) -> 0 | I70: 0 | J70: 0 | K70: 0 | M70: =IF(D70>=200,"○","-") -> -
A71: daily-science | B71: 2026-06-20 | C71: たった1秒で世界が崩壊する#もし地球から酸素が1秒だけ消えたら、あなたの体に何が起きるのか #shorts #ゆっくり解説 | D71: 0 | E71: 0 | F71: =IF(D71=0,0,E71/D71) -> 0 | G71: 0 | H71: =IF(D71=0,0,G71/D71*1000) -> 0 | I71: 0 | J71: 0 | K71: 0 | M71: =IF(D71>=200,"○","-") -> -
A72: daily-science | B72: 2026-06-20 | C72: 満腹なのに甘いものは入る謎#満腹なのになぜかケーキだけ入る…あの「別腹」は本当に存在した #shorts #ゆっくり解説 | D72: 0 | E72: 0 | F72: =IF(D72=0,0,E72/D72) -> 0 | G72: 0 | H72: =IF(D72=0,0,G72/D72*1000) -> 0 | I72: 0 | J72: 0 | K72: 0 | M72: =IF(D72>=200,"○","-") -> -
A73: daily-science | B73: 2026-06-21 | C73: 酸素ゼロの1秒間建物が崩壊する!?#たった1秒で人類が終わる？地球から酸素が消えたら、実は『建物』が最初に崩れる理由 #shorts #ゆっくり解説 | D73: 0 | E73: 0 | F73: =IF(D73=0,0,E73/D73) -> 0 | G73: 0 | H73: =IF(D73=0,0,G73/D73*1000) -> 0 | I73: 0 | J73: 0 | K73: 0 | M73: =IF(D73>=200,"○","-") -> -
A74: daily-science | B74: 2026-06-21 | C74: たった1秒で…地球が崩壊!?#たった1秒なのに、なぜ地球はそこまで壊れるのか？酸素が消えた世界の本当の恐怖 #shorts #ゆっくり解説 | D74: 0 | E74: 0 | F74: =IF(D74=0,0,E74/D74) -> 0 | G74: 0 | H74: =IF(D74=0,0,G74/D74*1000) -> 0 | I74: 0 | J74: 0 | K74: 0 | M74: =IF(D74>=200,"○","-") -> -
A75: daily-science | B75: 2026-06-22 | C75: 100年間も謎だった！キーン現象の正体#アイスを食べると頭がキーンとするのに、なぜ100年以上『謎のまま』だったのか #shorts #ゆっくり解説 | D75: 0 | E75: 0 | F75: =IF(D75=0,0,E75/D75) -> 0 | G75: 0 | H75: =IF(D75=0,0,G75/D75*1000) -> 0 | I75: 0 | J75: 0 | K75: 0 | M75: =IF(D75>=200,"○","-") -> -
A76: daily-science | B76: 2026-06-22 | C76: 頭キーン の正体100年間 謎だった#アイスを食べると頭がキーンとするのに、なぜ100年以上『原因不明』だったのか #shorts #ゆっくり解説 | D76: 0 | E76: 0 | F76: =IF(D76=0,0,E76/D76) -> 0 | G76: 0 | H76: =IF(D76=0,0,G76/D76*1000) -> 0 | I76: 0 | J76: 0 | K76: 0 | M76: =IF(D76>=200,"○","-") -> -
... A91: daily-science | B91: 2026-06-26 | C91: なぜ端っこだけ熱い？電子レンジの『中心が冷たい』現象、実は物理の罠だった【ショート】 | D91: 959 | E91: 5 | F91: =IF(D91=0,0,E91/D91) -> 0.0052137643 | G91: 1 | H91: =IF(D91=0,0,G91/D91*1000) -> 1.0427529 | I91: 0 | J91: 0 | K91: 0.4904 | M91: =IF(D91>=200,"○","-") -> ○
A92: daily-science | B92: 2026-06-27 | C92: 本を読むと眠くなるのは集中できてる証拠だった!?#本を読むと必ず眠くなる人へ — 実はあなたの脳が『ある状態』に入っているだけかもしれない #shorts #ゆっくり解説 | D92: 1284 | E92: 7 | F92: =IF(D92=0,0,E92/D92) -> 0.0054517134 | G92: 0 | H92: =IF(D92=0,0,G92/D92*1000) -> 0 | I92: 0 | J92: 0 | K92: 0.4444 | L92: 0.148075 | M92: =IF(D92>=200,"○","-") -> ○
A93: daily-science | B93: 2026-06-27 | C93: なぜ本だけで眠くなる？集中してるのに睡魔が来る理由#本を読むと必ず眠くなる人が知らない、脳の『省エネモード』の正体 #shorts #ゆっくり解説 | D93: 1276 | E93: 3 | F93: =IF(D93=0,0,E93/D93) -> 0.0023510972 | G93: 0 | H93: =IF(D93=0,0,G93/D93*1000) -> 0 | I93: 0 | J93: 0 | K93: 0.3872 | L93: 0.125665 | M93: =IF(D93>=200,"○","-") -> ○
A94: daily-science | B94: 2026-06-27 | C94: 新しいノートを前にするとなぜか手が止まる——脳が『もったいない』と叫ぶ本当の理由【ショート】 | D94: 787 | E94: 6 | F94: =IF(D94=0,0,E94/D94) -> 0.0076238882 | G94: 0 | H94: =IF(D94=0,0,G94/D94*1000) -> 0 | I94: 0 | J94: 0 | K94: 0.4843 | M94: =IF(D94>=200,"○","-") -> ○
A95: daily-science | B95: 2026-06-27 | C95: あなたの隣の人があくびをした。うつった？うつらなかった？——その0.3秒の差が「ある能力」の高さを丸裸にする【ショート】 | D95: 1271 | E95: 3 | F95: =IF(D95=0,0,E95/D95) -> 0.0023603462 | G95: 0 | H95: =IF(D95=0,0,G95/D95*1000) -> 0 | I95: 0 | J95: 0 | K95: 0.4673 | L95: 0.155025 | M95: =IF(D95>=200,"○","-") -> ○
A96: daily-science | B96: 2026-06-28 | C96: なぜ隣の人は平気なのに自分だけ震えているのか？#同じ部屋なのに自分だけ寒い…その『差』を生み出している5つの隠れた正体 #shorts #ゆっくり解説 | D96: 998 | E96: 4 | F96: =IF(D96=0,0,E96/D96) -> 0.004008016 | G96: 1 | H96: =IF(D96=0,0,G96/D96*1000) -> 1.002004 | I96: 0 | J96: 0 | K96: 0.4422 | M96: =IF(D96>=200,"○","-") -> ○
A97: daily-science | B97: 2026-06-28 | C97: なぜ隣の人は平気なのに自分だけ凍えているのか？#同じ部屋にいるのに自分だけ寒い——その『体感温度のズレ』を生み出す5つの正体 #shorts #ゆっくり解説 | D97: 972 | E97: 5 | F97: =IF(D97=0,0,E97/D97) -> 0.0051440329 | G97: 1 | H97: =IF(D97=0,0,G97/D97*1000) -> 1.0288066 | I97: 0 | J97: 0 | K97: 0.5155 | M97: =IF(D97>=200,"○","-") -> ○
A98: daily-science | B98: 2026-06-28 | C98: 蛍光灯の下だと肌が青白く見える。あれ、実は目が『騙されている』だけって知ってた？【ショート】 | D98: 940 | E98: 4 | F98: =IF(D98=0,0,E98/D98) -> 0.0042553191 | G98: 0 | H98: =IF(D98=0,0,G98/D98*1000) -> 0 | I98: 0 | J98: 0 | K98: 0.3296 | M98: =IF(D98>=200,"○","-") -> ○
A99: daily-science | B99: 2026-06-28 | C99: なぜ手だけ汗が出るの？緊張したとき『そこだけ』が濡れる本当の理由【ショート】 | D99: 882 | E99: 4 | F99: =IF(D99=0,0,E99/D99) -> 0.0045351474 | G99: 0 | H99: =IF(D99=0,0,G99/D99*1000) -> 0 | I99: 0 | J99: 0 | K99: 0.5133 | M99: =IF(D99>=200,"○","-") -> ○
A100: daily-science | B100: 2026-06-29 | C100: 寝てるのになぜ体が跳ねる？脳が起こす0.1秒の暴走#寝落ちの瞬間に体がビクッ…あの『謎の震え』の正体が怖すぎる #shorts #ゆっくり解説 | D100: 1260 | E100: 3 | F100: =IF(D100=0,0,E100/D100) -> 0.0023809524 | G100: 0 | H100: =IF(D100=0,0,G100/D100*1000) -> 0 | I100: 0 | J100: 0 | K100: 1.0621 | L100: 0.76386 | M100: =IF(D100>=200,"○","-") -> ○
A101: daily-science | B101: 2026-06-29 | C101: 寝てるのに体がビクッ！脳が起こす0.1秒の誤作動#寝落ち直前に体がビクッとなるのは、実は脳が『ある勘違い』をしているせいだった #shorts #ゆっくり解説 | D101: 970 | E101: 2 | F101: =IF(D101=0,0,E101/D101) -> 0.0020618557 | G101: 0 | H101: =IF(D101=0,0,G101/D101*1000) -> 0 | I101: 0 | J101: 0 | K101: 0.8425 | M101: =IF(D101>=200,"○","-") -> ○
A102: daily-science | B102: 2026-06-29 | C102: 寝落ち直前に体がビクッとするのは、実は脳が『死にかけた』と勘違いしているから？【ショート】 | D102: 805 | E102: 8 | F102: =IF(D102=0,0,E102/D102) -> 0.0099378882 | G102: 0 | H102: =IF(D102=0,0,G102/D102*1000) -> 0 | I102: 0 | J102: 0 | K102: 0.4675 | M102: =IF(D102>=200,"○","-") -> ○
A103: daily-science | B103: 2026-06-29 | C103: くしゃみ中、なぜか目が絶対に開けられない——脳が強制的にシャットダウンする本当の理由【ショート】 | D103: 1151 | E103: 5 | F103: =IF(D103=0,0,E103/D103) -> 0.0043440487 | G103: 0 | H103: =IF(D103=0,0,G103/D103*1000) -> 0 | I103: 0 | J103: 0 | K103: 0.5358 | M103: =IF(D103>=200,"○","-") -> ○
A104: daily-science | B104: 2026-06-30 | C104: 継ぎ目ゼロなのになぜ鳴る？音の発生源が変わっていた#毎日聞いてるのに誰も知らない『ガタンゴトン』の正体——レールに継ぎ目がないのになぜ鳴るのか？ #shorts #ゆっくり解説 | D104: 999 | E104: 5 | F104: =IF(D104=0,0,E104/D104) -> 0.005005005 | G104: 1 | H104: =IF(D104=0,0,G104/D104*1000) -> 1.001001 | I104: 0 | J104: 0 | K104: 0.5665 | M104: =IF(D104>=200,"○","-") -> ○
A105: daily-science | B105: 2026-06-30 | C105: 録音した自分の声、別人みたいで恥ずかしくなった経験ない？実は骨が音を変えている——耳の構造に隠された驚きの仕組み#自分の声って録音するとなぜあんなに変なの？耳の中で起きていること #shorts #ゆ | D105: 627 | E105: 4 | F105: =IF(D105=0,0,E105/D105) -> 0.0063795853 | G105: 0 | H105: =IF(D105=0,0,G105/D105*1000) -> 0 | I105: 0 | J105: 0 | K105: 0.5289 | M105: =IF(D105>=200,"○","-") -> ○
A106: daily-science | B106: 2026-07-01 | C106: 録音で聞く自分の声なぜか別人に聞こえる#なぜ録音の自分の声は『別人』に聞こえるのか？耳の中で起きていること #shorts #ゆっくり解説 | D106: 1119 | E106: 5 | F106: =IF(D106=0,0,E106/D106) -> 0.0044682752 | G106: 1 | H106: =IF(D106=0,0,G106/D106*1000) -> 0.89365505 | I106: 0 | J106: 0 | K106: 0.4411 | M106: =IF(D106>=200,"○","-") -> ○
A107: daily-science | B107: 2026-07-01 | C107: 録音の声、なぜか気持ち悪い…骨が音を変えていた#録音した自分の声が「別人みたい」に聞こえるのは、なぜか耳の中だけの話じゃなかった #shorts #ゆっくり解説 | D107: 994 | E107: 5 | F107: =IF(D107=0,0,E107/D107) -> 0.0050301811 | G107: 0 | H107: =IF(D107=0,0,G107/D107*1000) -> 0 | I107: 0 | J107: 0 | K107: 0.5716 | M107: =IF(D107>=200,"○","-") -> ○
A108: daily-science | B108: 2026-07-01 | C108: 鏡の中の自分、なぜ『左右』だけ反転して見えるの？実は鏡は何も反転していなかった【ショート】 | D108: 844 | E108: 2 | F108: =IF(D108=0,0,E108/D108) -> 0.0023696682 | G108: 0 | H108: =IF(D108=0,0,G108/D108*1000) -> 0 | I108: 0 | J108: 0 | K108: 0.5903 | M108: =IF(D108>=200,"○","-") -> ○
A109: daily-science | B109: 2026-07-01 | C109: お腹ペコペコなのに、いざ食べ始めたら急に食欲が消える——あの『裏切り感』の正体、実は脳と胃が別々に動いてるせいだった【ショート】 | D109: 1090 | E109: 3 | F109: =IF(D109=0,0,E109/D109) -> 0.0027522936 | G109: 0 | H109: =IF(D109=0,0,G109/D109*1000) -> 0 | I109: 0 | J109: 0 | K109: 0.3542 | M109: =IF(D109>=200,"○","-") -> ○
A110: daily-science | B110: 2026-07-02 | C110: ブルーライトより100倍怖い体内時計『崩壊』の正体#深夜スマホで翌朝ぼんやりする本当の理由、ブルーライトじゃなかった #shorts #ゆっくり解説 | D110: 1105 | E110: 4 | F110: =IF(D110=0,0,E110/D110) -> 0.0036199095 | G110: 0 | H110: =IF(D110=0,0,G110/D110*1000) -> 0 | I110: 0 | J110: 0 | K110: 0.4553 | M110: =IF(D110>=200,"○","-") -> ○
A111: daily-science | B111: 2026-07-02 | C111: えっ、ブルーライトだけじゃない？スマホが体内時計を狂わせる理由#深夜のスマホ、翌朝のぼんやりはなぜ？実はブルーライトより怖い『概日リズム崩壊』の正体 #shorts #ゆっくり解説 | D111: 309 | E111: 3 | F111: =IF(D111=0,0,E111/D111) -> 0.0097087379 | G111: 1 | H111: =IF(D111=0,0,G111/D111*1000) -> 3.236246 | I111: 0 | J111: 0 | K111: 0.4408 | M111: =IF(D111>=200,"○","-") -> ○
A112: daily-science | B112: 2026-07-02 | C112: なぜパソコンのファンは突然うるさくなるのか？CPUが『全力疾走』を始める瞬間に起きていること【ショート】 | D112: 1164 | E112: 5 | F112: =IF(D112=0,0,E112/D112) -> 0.0042955326 | G112: 2 | H112: =IF(D112=0,0,G112/D112*1000) -> 1.7182131 | I112: 0 | J112: 0 | K112: 0.7949 | M112: =IF(D112>=200,"○","-") -> ○
... A116: daily-science | B116: 2026-07-03 | C116: 同じ空を見ているのに、あなたと私で『青』が違う色に見えているかもしれない理由【ショート】 | D116: 1090 | E116: 7 | F116: =IF(D116=0,0,E116/D116) -> 0.0064220183 | G116: 0 | H116: =IF(D116=0,0,G116/D116*1000) -> 0 | I116: 0 | J116: 0 | K116: 0.5362 | M116: =IF(D116>=200,"○","-") -> ○
A117: daily-science | B117: 2026-07-05 | C117: 自分の声、録音で聞くと変じゃない？実は耳の『ある仕組み』が原因なんです。#なぜ自分の声だけ？録音で変に聞こえる本当の理由 #shorts #ゆっくり解説 | D117: 1453 | E117: 1 | F117: =IF(D117=0,0,E117/D117) -> 0.00068823125 | G117: 0 | H117: =IF(D117=0,0,G117/D117*1000) -> 0 | I117: 0 | J117: 0 | K117: 0.6911 | L117: 0.292475 | M117: =IF(D117>=200,"○","-") -> ○
A118: daily-science | B118: 2026-07-05 | C118: 録音の声＝別人に聞こえる理由骨が音を変えていた！#なぜ録音の自分の声だけ「別人」に聞こえるのか？耳の中で起きていること #shorts #ゆっくり解説 | D118: 1056 | E118: 2 | F118: =IF(D118=0,0,E118/D118) -> 0.0018939394 | G118: 0 | H118: =IF(D118=0,0,G118/D118*1000) -> 0 | I118: 0 | J118: 0 | K118: 0.5554 | M118: =IF(D118>=200,"○","-") -> ○
...

Sheet 改善アクション
A1: 改善アクション 2026-09-01
A2: 「実施済」は本日このタスクが実装・反映まで完了したもの。効果は明日以降の実測で検証する。
A4: # | B4: 対象 | C4: 課題（実測） | D4: 対応 | E4: 状態 | F4: 変更ファイル | G4: 検証方法
A5: 1 | B5: 全6ch | C5: ショート最終行の実測で 高評価CTA 50% / 登録CTA 38% / 両方 19%。62%が登録を一度も求めていない。 | D5: cta_enforcer.py を新設し、最終行に「高評価→登録」を決定論的に保証。CTA後のループ誘導句も除去。字数超過時はCTA2文へ畳む。 | E5: 実施済 | F5: backend/pipeline/cta_enforcer.py（新規） | G5: python3 scripts/verify_cta_20260901.py → 両方100%
A6: 2 | B6: 全6ch | C6: cta_enforcer を実レンダリング経路に繋がないと 08-30 の尺ガードと同じ空振りになる。 | D6: video_generator.py の shorts_length_guard 直前に接続（CTA付与後の字数で尺ガードが効く順序）。 | E6: 実施済 | F6: backend/pipeline/video_generator.py | G6: logs/backend.log の「📣 CTA補正」
A7: 3 | B7: 全6ch | C7: scenario_validator の CTA 検査に高評価の語が無く、登録のみ・かつ strict=False で素通りしていた。 | D7: LIKE_PATTERNS を追加し、_check_cta を「高評価+登録の両方」必須に変更（片方欠けで-12、両方欠けで-25）。 | E7: 実施済 | F7: backend/pipeline/scenario_validator.py | G7: backend/tests/test_cta_enforcer.py（36件パス）
A8: 4 | B8: yokai-watch | C8: extra_rules が存在しない「8行目」を指定。structure は6行しかなく、高評価CTAの指示が空振りしていた（実測 高評価1/3）。 | D8: 「8行目」→「6行目」に修正。 | E8: 実施済 | F8: data/channels{,_orchestrator}/yokai-watch.json | G8: grep '8行目' で0件
A9: 5 | B9: company-facts | C9: 唯一 高評価0/4・登録0/4 でCTAが皆無。末尾がプロフィール誘導のみで終わっていた。 | D9: structure 6行目に登録CTAを明示し、cta_fallback を追加。 | E9: 実施済 | F9: data/channels{,_orchestrator}/company-facts.json | G9: verify_cta_20260901.py の company-facts 行
A10: 6 | B10: 全6ch | C10: 設定の根拠が旧値の「2.16倍」のままで、終盤維持率を追うべきという誤った示唆が残っていた。 | D10: 根拠を 6.3倍（n=322・単調）に更新し、「終盤維持率は登録と無相関」という否定的知見を明記。 | E10: 実施済 | F10: data/channels{,_orchestrator}/*.json（6ch） | G10: extra_rules[0] に 'n=322' が入っているか
A11: 7 | B11: 2ch-matome | C11: 再生は最多（14日で24,198）だが登録純増3、登録/1000再生0.12で全ch最低。高評価率も0.25%と最低。 | D11: cta_enforcer により高評価CTAを毎回先頭で保証。参加型CTA（コメント誘導）が高評価CTAを押しのけていた構造を是正。 | E11: 実施済 | F11: cta_enforcer の 2ch-matome 既定句 | G11: 高評価率 0.25%→0.40% を1週間で確認
A12: 8 | B12: company-facts | C12: style=facts_overlay は yukkuri とは別経路を通るため、当初の実装（yukkuri分岐の内側）ではCTA補正が効かなかった。CTAが皆無だったまさにそのチャンネルだけ対象外という、08-30の尺ガードと同じ失敗。 | D12: cta_enforcer の呼び出しを style 分岐より前へ移動し、全スタイル（facts_overlay / monologue / yukkuri）に適用。あわせて画面CTAカード（video_format.facts_overlay.cta）も『他の企業もチェック／プロフィールから見れます』→『高評価とチャンネル登録／毎日1社の実態が届きます』に変更。 | E12: 実施済 | F12: video_generator.py, data/channels{,_orchestrator}/company-facts.json | G12: logs/backend.log の「📣 CTA補正[company-facts]」
A13: 9 | B13: 全6ch | C13: 台本が「睡眠と夢シリーズシリーズ」「裏設定ファイルシリーズシリーズ」と重複を書き、そのまま読み上げられていた。series_lineup の値が既に『〜シリーズ』で終わるのに generator がシリーズ名への言及を指示するため。cta_rotator側の同等修正は12chで無効。 | D13: cta_enforcer で最終行の『シリーズシリーズ』を機械的に解消。 | E13: 実施済 | F13: backend/pipeline/cta_enforcer.py | G13: テスト TestSeriesDedup（57件パス）
A14: 10 | B14: company-facts | C14: video_metrics に1行も取り込まれていない（reach側には24本ある）。実績が測定できていない。 | D14: 取り込み経路の調査が必要。本タスクはサンドボックスから YouTube API を叩けないため未着手。 | E14: 要対応 | F14: （未変更・要調査） | G14: video_metrics に company-facts 行が出現するか
A15: 11 | B15: 全6ch | C15: scenario_validator の CTA 検査は基礎点50に対し減点が最大-25で、閾値60を下回らないため実質的に生成を止めない。 | D15: 無人実行で閾値を上げると生成本数がゼロになる恐れがあるため、今回は閾値を変更しない。強制は決定論的な cta_enforcer 側で担保し、validator はスコア指標に留める。 | E15: 見送り | F15: （変更なし・意図的） | G15: cta_enforcer が実経路で効いていれば validator の厳格化は不要
A16: 12 | B16: daily-science / pokemon-lab | C16: シリーズ番号プレフィックスは ch内統制で登録0.69 vs 0.33（daily-science）と有意に見えるが n=13/11 と薄い。yokai-watch では逆転（0.14 vs 0.31）。 | D16: チャンネル横断で一律に戻すのは根拠不足と判断し、今回は変更しない。A/Bテストの候補として記録のみ。 | E16: 見送り | F16: （変更なし） | G16: n が各30本を超えた時点で再評価

Sheet トレンド
A1: トレンド
A2: 公開時期別の推移と競合比較。時期別は各動画の最新スナップショットを公開日で束ねたもの。
A4: ■ 公開時期別の推移（高評価率の落ち込みと回復）
A5: 公開時期 | B5: 本数 | C5: 平均視聴回数 | D5: 高評価率 | E5: 登録/1000再生
A6: 〜07月 | B6: 133 | D6: 0.00477 | E6: 0.52
A7: 08/01-05 | B7: 34 | D7: 0.00413 | E7: 0.54
A8: 08/06-10 | B8: 30 | D8: 0.00336 | E8: 0.31
A9: 08/11-15 | B9: 26 | D9: 0.0027 | E9: 0.33
A10: 08/16-20 | B10: 26 | D10: 0.00317 | E10: 0.24
A11: 08/21-25 | B11: 30 | D11: 0.00369 | E11: 0.27
A12: 08/26-30 | B12: 32 | D12: 0.00436 | E12: 0.46
A14: → 08/11-15 を底に高評価率が落ち込み、08/26-30 で回復。7月水準（0.477%）にはまだ戻っていない。08-31 に修正された台本破損・尺超過の影響時期と重なる。
A16: ■ CTA遵守率の実測（08-29〜31・ショート最終行）
A17: channel_id | B17: 本数 | C17: 高評価CTA | D17: 登録CTA | E17: 両方
A18: 2ch-matome | B18: 4 | C18: =IF($B18=0,0,3/$B18) -> 0.75 | D18: =IF($B18=0,0,1/$B18) -> 0.25 | E18: =IF($B18=0,0,1/$B18) -> 0.25
A19: company-facts | B19: 4 | C19: =IF($B19=0,0,0/$B19) -> 0 | D19: =IF($B19=0,0,0/$B19) -> 0 | E19: =IF($B19=0,0,0/$B19) -> 0
A20: daily-science | B20: 4 | C20: =IF($B20=0,0,3/$B20) -> 0.75 | D20: =IF($B20=0,0,0/$B20) -> 0 | E20: =IF($B20=0,0,0/$B20) -> 0
A21: pokemon-lab | B21: 4 | C21: =IF($B21=0,0,3/$B21) -> 0.75 | D21: =IF($B21=0,0,1/$B21) -> 0.25 | E21: =IF($B21=0,0,1/$B21) -> 0.25
A22: scp-lab | B22: 7 | C22: =IF($B22=0,0,5/$B22) -> 0.71428571 | D22: =IF($B22=0,0,5/$B22) -> 0.71428571 | E22: =IF($B22=0,0,4/$B22) -> 0.57142857
A23: yokai-watch | B23: 3 | C23: =IF($B23=0,0,1/$B23) -> 0.33333333 | D23: =IF($B23=0,0,0/$B23) -> 0 | E23: =IF($B23=0,0,0/$B23) -> 0
A26: ■ 競合比較（最新スキャン）
A27: 自ch | B27: 競合チャンネル | C27: 登録者数 | D27: 平均視聴回数 | E27: 週間投稿数 | F27: 調査日
A28: 2ch-matome | B28: 2ちゃんねる面白スレまとめ【ゆっくり解説】 | C28: 412000 | D28: 296233 | E28: 15.07 | F28: 2026-08-30
A29: 2ch-matome | B29: 2ch面白いスレまとめイッチーズ | C29: 224000 | D29: 111944 | E29: 3.18 | F29: 2026-08-30
A30: 2ch-matome | B30: 2chの質問ある?スレまとめ【ゆっくり夫】 | C30: 102000 | D30: 4875 | E30: 0.52 | F30: 2026-08-30
A31: 2ch-matome | B31: 2ch修羅場スレ【ゆっくり解説】 | C31: 42000 | D31: 13954 | E31: 0.88 | F31: 2026-08-30
A32: 2ch-matome | B32: ゆっくり2chまとめ解説 | C32: 23800 | D32: 4315 | E32: 1.28 | F32: 2026-08-30
A33: 2ch-matome | B33: ネッカのボケて2chまとめ【ゆっくり解説】 | C33: 20700 | D33: 148822 | E33: 0.8 | F33: 2026-08-30
A34: 2ch-matome | B34: 2ch面白いスレまとめ【ゆっくり解説】 | C34: 13400 | D34: 25517 | E34: 3.33 | F34: 2026-08-30
A35: 2ch-matome | B35: シバ吉のゆっくり2chまとめ | C35: 4780 | D35: 21681 | E35: 2.5 | F35: 2026-08-30
A36: akashic-librarian | B36: 闇世界のツーリスト【ゆっくり解説】 | C36: 797000 | D36: 59287 | E36: 1.69 | F36: 2026-08-30
A37: akashic-librarian | B37: おしえて!オカルト先生 | C37: 366000 | D37: 157753 | E37: 2.37 | F37: 2026-08-30
A38: akashic-librarian | B38: 世界の未解明ミステリー【ゆっくり解説】 | C38: 268000 | D38: 78397 | E38: 0.94 | F38: 2026-08-30
A39: akashic-librarian | B39: オカルトざんまい【ゆっくり解説】 | C39: 196000 | D39: 91601 | E39: 1.66 | F39: 2026-08-30
... A80: yokai-watch | B80: 妖怪解説録 | C80: 16 | D80: 1191 | E80: 4.55 | F80: 2026-08-30
A82: → 競合は週0.5〜2.5本で平均視聴回数が桁違い。本数ではなく1本あたりの質で差がついており、毎日投稿の維持よりCTA・高評価率の改善を優先する根拠になる。
