Workbook

Sheet サマリー
A1: YouTube Factory 日次分析 2026-08-24
A2: データ基準: data/analytics/analytics.db（最終取得 2026-08-23 23:05 JST）。本日は外部APIに到達できず新規取得なし。
A3: 至上目標=チャンネル登録者数の増加。以下すべて「登録/1000再生」を主評価軸とする。
A5: ■ 本日の結論
A6: 指標 | B6: 値 | C6: 比較対象 | D6: 値 | E6: 意味
A7: 高評価率 上位群 登録/1000再生 | B7: 0.65 | C7: 下位群 | D7: 0.3 | E7: ch内中央値で二分。5chのうち4chで同方向。倍率=B7/D7 | F7: =B7/D7 -> 2.1666667
A8: 維持率 上位群 登録/1000再生 | B8: 0.51 | C8: 下位群 | D8: 0.45 | E8: 同じ母集団で比較して1.14倍。維持率は登録にほぼ効かない。 | F8: =B8/D8 -> 1.1333333
A9: 維持率 最上位四分位の再生中央値 | B9: 973 | C9: 最下位四分位 | D9: 946 | E9: 維持率はリーチ（再生数）にも効かない。四分位で平坦。 | F9: =B9/D9 -> 1.0285412
A11: ■ チャンネル別（成熟動画のみ / 動画別シートを参照して集計）
A12: チャンネル | B12: 分析対象本数 | C12: 再生数合計 | D12: 登録数合計 | E12: 登録/1000再生
A13: scp-lab | B13: =COUNTIFS(動画別パフォーマンス!$A$5:$A$318,$A13,動画別パフォーマンス!$L$5:$L$318,1) -> 89 | C13: =SUMIFS(動画別パフォーマンス!$E$5:$E$318,動画別パフォーマンス!$A$5:$A$318,$A13,動画別パフォーマンス!$L$5:$L$318,1) -> 81562 | D13: =SUMIFS(動画別パフォーマンス!$I$5:$I$318,動画別パフォーマンス!$A$5:$A$318,$A13,動画別パフォーマンス!$L$5:$L$318,1) -> 67 | E13: =IF(C13=0,0,D13/C13*1000) -> 0.82146097
A14: daily-science | B14: =COUNTIFS(動画別パフォーマンス!$A$5:$A$318,$A14,動画別パフォーマンス!$L$5:$L$318,1) -> 105 | C14: =SUMIFS(動画別パフォーマンス!$E$5:$E$318,動画別パフォーマンス!$A$5:$A$318,$A14,動画別パフォーマンス!$L$5:$L$318,1) -> 103454 | D14: =SUMIFS(動画別パフォーマンス!$I$5:$I$318,動画別パフォーマンス!$A$5:$A$318,$A14,動画別パフォーマンス!$L$5:$L$318,1) -> 34 | E14: =IF(C14=0,0,D14/C14*1000) -> 0.32864848
A15: pokemon-lab | B15: =COUNTIFS(動画別パフォーマンス!$A$5:$A$318,$A15,動画別パフォーマンス!$L$5:$L$318,1) -> 20 | C15: =SUMIFS(動画別パフォーマンス!$E$5:$E$318,動画別パフォーマンス!$A$5:$A$318,$A15,動画別パフォーマンス!$L$5:$L$318,1) -> 32368 | D15: =SUMIFS(動画別パフォーマンス!$I$5:$I$318,動画別パフォーマンス!$A$5:$A$318,$A15,動画別パフォーマンス!$L$5:$L$318,1) -> 12 | E15: =IF(C15=0,0,D15/C15*1000) -> 0.37073653
A16: yokai-watch | B16: =COUNTIFS(動画別パフォーマンス!$A$5:$A$318,$A16,動画別パフォーマンス!$L$5:$L$318,1) -> 20 | C16: =SUMIFS(動画別パフォーマンス!$E$5:$E$318,動画別パフォーマンス!$A$5:$A$318,$A16,動画別パフォーマンス!$L$5:$L$318,1) -> 31835 | D16: =SUMIFS(動画別パフォーマンス!$I$5:$I$318,動画別パフォーマンス!$A$5:$A$318,$A16,動画別パフォーマンス!$L$5:$L$318,1) -> 10 | E16: =IF(C16=0,0,D16/C16*1000) -> 0.31411968
A17: 2ch-matome | B17: =COUNTIFS(動画別パフォーマンス!$A$5:$A$318,$A17,動画別パフォーマンス!$L$5:$L$318,1) -> 11 | C17: =SUMIFS(動画別パフォーマンス!$E$5:$E$318,動画別パフォーマンス!$A$5:$A$318,$A17,動画別パフォーマンス!$L$5:$L$318,1) -> 14485 | D17: =SUMIFS(動画別パフォーマンス!$I$5:$I$318,動画別パフォーマンス!$A$5:$A$318,$A17,動画別パフォーマンス!$L$5:$L$318,1) -> 3 | E17: =IF(C17=0,0,D17/C17*1000) -> 0.2071108
A18: 合計 | B18: =SUM(B13:B17) -> 245 | C18: =SUM(C13:C17) -> 263704 | D18: =SUM(D13:D17) -> 126 | E18: =IF(C18=0,0,D18/C18*1000) -> 0.47780845
A20: ■ 本日実施した変更（Phase 3 完了・詳細は「改善アクション」シート）
A21: 1. 全5chの台本8行目CTAに「高評価」を追加し、登録より先に置いた（従来はどのchも登録しか求めていなかった）。
A22: 2. 2ch-matome には8行目CTA自体が存在しなかったため新設した。
A23: 3. daily-science の total_chars_min を 240→260 に戻した（維持率目的の短縮は根拠が消えたため。赤かったテストも解消）。
A24: 4. pokemon-lab / yokai-watch / daily-science のテーマキューを実測上位パターンで補充。
A25: ⚠ バックエンドは設定を起動時にメモリへ読み込む。上記が効くには再起動（またはreload）が1回必要。
A27: ■ この結論の統計的な限界（独立検証で指摘）
A28: ・登録イベントが少ない。245本の登録者合計は126人、158本(64.5%)が登録0。ch内ブートストラップでの2.16倍の95%信頼区間は 1.43〜3.40 と広い。点推定であって確定値ではない。
A29: ・因果の向きは特定できていない。高評価も登録も「気に入った」という同じ潜在変数の別の現れである可能性が高い。両者は分母が同じ再生数のため、比同士の見かけの相関も混入する。
A30: ・scp-lab 依存。登録126人のうち67人(53%)がscp-lab単独。scp-labを除くと比は1.79、pokemon-lab単独では0.84と逆転する。
A31: ・維持率は「否定」ではなく「検出できていない」。ch内ラベルシャッフルの並べ替え検定で 高評価率 p=0.0005 に対し 維持率 p=0.23。棄却はしていない。
A32: → 本日の判断は「維持率への投資停止」ではなく「主指標を高評価率に移し、維持率は監視項目に降格」。効果は08-31の実測で判定する。

Sheet チャンネル別詳細
A1: チャンネル別詳細（成熟動画: 公開6日以上 かつ 再生300以上）
A3: チャンネル | B3: チャンネル名 | C3: 公開総数 | D3: 分析対象 | E3: 再生中央値 | F3: 維持率中央値% | G3: 高評価率中央値% | H3: 登録/1000再生 | I3: 登録計 | J3: コメント/1000再生 | K3: 実CTR%
A4: scp-lab | B4: ゆっくり異常存在SCPラボ | C4: 167 | D4: 89 | E4: 999 | F4: 50 | G4: 0.467 | H4: 0.821 | I4: 67 | J4: 0.147 | K4: 1.76
A5: daily-science | B5: ゆっくり1分科学 | C5: 175 | D5: 105 | E5: 998 | F5: 51.3 | G5: 0.418 | H5: 0.329 | I5: 34 | J5: 0.116 | K5: 2.2
A6: pokemon-lab | B6: ゆっくりポケモン研究所 | C6: 29 | D6: 20 | E6: 1588 | F6: 61.3 | G6: 0.3 | H6: 0.371 | I6: 12 | J6: 0.093 | K6: 1.83
A7: yokai-watch | B7: ゆっくり妖怪ファイル | C7: 29 | D7: 20 | E7: 1556 | F7: 56.2 | G7: 0.336 | H7: 0.314 | I7: 10 | J7: 0.063 | K7: 1.77
A8: 2ch-matome | B8: ゆっくり2chまとめ | C8: 24 | D8: 11 | E8: 1350 | F8: 64.3 | G8: 0.221 | H8: 0.207 | I8: 3 | J8: 0.207 | K8: 2.16
A10: 注: 実CTR は video_reach_daily の impressions/clicks 集計（08-10以降）。ショートはフィード視聴がインプレッションに計上されないため実数は過少で、chの相対比較にのみ使うこと。
A12: ■ 高評価率でch内二分 → 登録転換（チャンネル効果を除去した検証）
A13: チャンネル | B13: 高評価率中央値% | C13: 上位n | D13: 上位 登録/1000再生 | E13: 下位n | F13: 下位 登録/1000再生 | G13: 倍率
A14: 2ch-matome | B14: 0.22 | C14: 6 | D14: 0.248 | E14: 5 | F14: 0.156 | G14: =IF(F14=0,"",D14/F14) -> 1.5897436
A15: daily-science | B15: 0.42 | C15: 53 | D15: 0.439 | E15: 52 | F15: 0.225 | G15: =IF(F15=0,"",D15/F15) -> 1.9511111
A16: pokemon-lab | B16: 0.3 | C16: 10 | D16: 0.336 | E16: 10 | F16: 0.4 | G16: =IF(F16=0,"",D16/F16) -> 0.84
A17: scp-lab | B17: 0.47 | C17: 45 | D17: 1.13 | E17: 44 | F17: 0.471 | G17: =IF(F17=0,"",D17/F17) -> 2.3991507
A18: yokai-watch | B18: 0.34 | C18: 10 | D18: 0.53 | E18: 10 | F18: 0.12 | G18: =IF(F18=0,"",D18/F18) -> 4.4166667
A20: pokemon-lab のみ逆方向だが n=20 と小さい。他4chは一貫して上位群の登録転換が高い。

Sheet 動画別パフォーマンス
A1: 動画別パフォーマンス（最新スナップショット / 再生1以上）
A2: 「成熟」=1 は 公開から6日以上経過かつ再生300以上。維持率は公開6日目まで上昇し続けるため、比較はこの列が1の行だけで行うこと。
A4: チャンネル | B4: 公開日 | C4: 経過日 | D4: タイトル | E4: 再生数 | F4: 維持率% | G4: 高評価 | H4: コメント | I4: 登録 | J4: 高評価率% | K4: 登録/1000再生 | L4: 成熟
A5: 2ch-matome | B5: 2026-08-09 | C5: 14 | D5: 30秒スレまとめ：残業代はやる気で払う#上司「残業代はやる気で払う」発言から、なぜか全員消えた職場の末路 #shorts #ゆっくり解説 | E5: 1358 | F5: 45 | G5: 3 | H5: 0 | I5: 0 | J5: =IF(E5=0,"",G5/E5*100) -> 0.22091311 | K5: =IF(E5=0,"",I5/E5*1000) -> 0 | L5: 1
A6: 2ch-matome | B6: 2026-08-13 | C6: 10 | D6: コンビニで一番いらん商品あげてけ【ショート】 | E6: 1086 | F6: 125.5 | G6: 1 | H6: 0 | I6: 0 | J6: =IF(E6=0,"",G6/E6*100) -> 0.092081031 | K6: =IF(E6=0,"",I6/E6*1000) -> 0 | L6: 1
A7: 2ch-matome | B7: 2026-08-13 | C7: 10 | D7: ワイの今日の昼飯を当てるスレw【ショート】 | E7: 1436 | F7: 66.5 | G7: 3 | H7: 0 | I7: 0 | J7: =IF(E7=0,"",G7/E7*100) -> 0.20891365 | K7: =IF(E7=0,"",I7/E7*1000) -> 0 | L7: 1
A8: 2ch-matome | B8: 2026-08-14 | C8: 9 | D8: なんかPCの画面チカチカするんやが【ショート】 | E8: 1298 | F8: 51.2 | G8: 4 | H8: 0 | I8: 2 | J8: =IF(E8=0,"",G8/E8*100) -> 0.30816641 | K8: =IF(E8=0,"",I8/E8*1000) -> 1.540832 | L8: 1
A9: 2ch-matome | B9: 2026-08-14 | C9: 9 | D9: 彼女の部屋でヤバい物あげてけw【ショート】 | E9: 1366 | F9: 49.9 | G9: 3 | H9: 0 | I9: 1 | J9: =IF(E9=0,"",G9/E9*100) -> 0.21961933 | K9: =IF(E9=0,"",I9/E9*1000) -> 0.73206442 | L9: 1
A10: 2ch-matome | B10: 2026-08-15 | C10: 8 | D10: ワイ、彼女いない歴＝年齢やけど質問ある？【ショート】 | E10: 1652 | F10: 64.3 | G10: 4 | H10: 2 | I10: 0 | J10: =IF(E10=0,"",G10/E10*100) -> 0.24213075 | K10: =IF(E10=0,"",I10/E10*1000) -> 0 | L10: 1
A11: 2ch-matome | B11: 2026-08-15 | C11: 8 | D11: ワイのキーボードの変な癖あげてけw【ショート】 | E11: 1190 | F11: 51.2 | G11: 0 | H11: 0 | I11: 0 | J11: =IF(E11=0,"",G11/E11*100) -> 0 | K11: =IF(E11=0,"",I11/E11*1000) -> 0 | L11: 1
A12: 2ch-matome | B12: 2026-08-16 | C12: 7 | D12: なんかスマホの充電だけ遅いんやが【ショート】 | E12: 1350 | F12: 72.2 | G12: 1 | H12: 1 | I12: 0 | J12: =IF(E12=0,"",G12/E12*100) -> 0.074074074 | K12: =IF(E12=0,"",I12/E12*1000) -> 0 | L12: 1
A13: 2ch-matome | B13: 2026-08-17 | C13: 6 | D13: 後輩「敬語って課金制ですよね？」→翌朝、全員が黙った #shorts #2ch #スカッと | E13: 1353 | F13: 57.1 | G13: 4 | H13: 0 | I13: 0 | J13: =IF(E13=0,"",G13/E13*100) -> 0.29563932 | K13: =IF(E13=0,"",I13/E13*1000) -> 0 | L13: 1
A14: 2ch-matome | B14: 2026-08-17 | C14: 6 | D14: 実際には存在しないけどありそうな県名あげてけ【ショート】 | E14: 1161 | F14: 109.6 | G14: 3 | H14: 0 | I14: 0 | J14: =IF(E14=0,"",G14/E14*100) -> 0.25839793 | K14: =IF(E14=0,"",I14/E14*1000) -> 0 | L14: 1
A15: 2ch-matome | B15: 2026-08-17 | C15: 6 | D15: 飲み会で絶対見られたくない通知あげてけw【ショート】 | E15: 2 | F15: 33.8 | G15: 0 | H15: 0 | I15: 0 | J15: =IF(E15=0,"",G15/E15*100) -> 0 | K15: =IF(E15=0,"",I15/E15*1000) -> 0 | L15: 0
A16: 2ch-matome | B16: 2026-08-17 | C16: 6 | D16: ワイ、AIに変な質問する係やけど質問ある？w【ショート】 | E16: 1 | F16: 80.8 | G16: 0 | H16: 0 | I16: 0 | J16: =IF(E16=0,"",G16/E16*100) -> 0 | K16: =IF(E16=0,"",I16/E16*1000) -> 0 | L16: 0
... A318: yokai-watch | B318: 2026-08-21 | C318: 2 | D318: 3秒で消える？天狗と山伏、神隠しの本当の理由【ショート】 | E318: 249 | F318: 29.8 | G318: 1 | H318: 0 | I318: 0 | J318: =IF(E318=0,"",G318/E318*100) -> 0.40160643 | K318: =IF(E318=0,"",I318/E318*1000) -> 0 | L318: 0

Sheet 改善アクション
A1: 改善アクション 2026-08-24
A3: # | B3: 状態 | C3: 対象 | D3: 施策 | E3: 根拠（実データ） | F3: 検証方法・期限
A4: 1 | B4: 実施済 | C4: 全5ch | D4: 台本8行目CTAに「高評価」を追加し登録より前に置く | E4: 成熟動画245本をch内中央値で二分。高評価率上位群の登録/1000再生=0.65、下位群=0.30（2.16倍）。5chのうち4chで同方向。 | F4: 08-31に08-25以降公開分の高評価率中央値を比較。0.30%→0.40%未満なら施策を撤回。
A5: 2 | B5: 実施済 | C5: 2ch-matome | D5: 8行目CTAを新設（共感→高評価、答えはコメントへ） | E5: 登録/1000再生 0.21・高評価率0.22%で全ch最低。一方コメント率0.21は全ch最高で参加性はある。CTA行が構造に存在しなかった。 | F5: 同上。コメント率と高評価率を同時に追う。
A6: 3 | B6: 実施済 | C6: daily-science | D6: total_chars_min 240→260 に復帰 | E6: 08-23に維持率改善目的で短縮したが、維持率は登録(1.14倍)にもリーチ(四分位で平坦)にも効かないと判明し根拠が消滅。test_short_format も下限割れで赤だった。 | F6: backend/tests/test_short_format.py の test_short_channels_target_the_sweet_spot が緑になったことを確認済。
A7: 4 | B7: 実施済 | C7: pokemon-lab / yokai-watch / daily-science | D7: テーマキューを実測上位パターンで補充（計7件） | E7: pokemon-lab は対決型が最高実績（バンギラスvsメタグロス1971再生 / リザードンvsカイリュー維持70.9%）。「隠された/秘密」+具体数字の型は登録/1000再生 0.70 対 0.41。 | F7: 投入テーマの公開後6日で登録/1000再生を既存平均と比較。
A8: 5 | B8: 要手動 | C8: バックエンド | D8: 設定反映のため1回の再起動（またはconfig reload） | E8: ChannelManager は起動時に data/channels/*.json をメモリへ読み込み、reload はAPI経由でしか起きない。本日の変更は再起動まで台本生成に反映されない。 | F8: restart_backend.command を実行。次回 autopilot 発火は本日17:00 JST。
A9: 6 | B9: 方針変更 | C9: 全ch | D9: 維持率を主指標から外し、高評価・コメント誘導に振り替える（維持率は監視項目として継続） | E9: 維持率→登録 1.14倍、維持率→再生 は四分位で 946/1015/976/973 と平坦。ただし並べ替え検定 p=0.23 で「効果なし」の証明ではなく検出力不足。維持率は棄却しない。 | F9: 2週間分の実績で再検証。本数が増えて検出力が上がった時点で再判定する。
A10: 7 | B10: 方法論 | C10: 分析基盤 | D10: 維持率の比較窓を「公開6日以上」に固定 | E10: 同一動画の維持率は公開2日目48.5%→6日目55.6%まで上昇して頭打ち。直近動画をそのまま比較すると必ず「維持率が下がった」と誤読する。 | F10: 本レポート以降の全集計に適用済（動画別シートの「成熟」列）。
A11: 8 | B11: 方法論 | C11: タイトル規則 | D11: 「なぜ」型は維持（見かけ上のマイナスは交絡） | E11: 単純比較では なぜ有 0.42 < なぜ無 0.54 だが、チャンネル×公開月で層別すると なぜ有 0.41 > なぜ無 0.31 と逆転（7層すべてで有≧無）。Simpsonのパラドックス。 | F11: 層別比較を標準手順とする。単純二群比較のみでの規則変更は禁止。
A12: 9 | B12: 保留 | C12: 全ch | D12: タイトル短縮（70字→38字）の是非は判定しない | E12: 移行期(07/20-08/23)のch内比較では 短(≤45字) 登録/1000再生 0.73 対 長(≥60字) 0.42 で短い方が良い。一方 高評価率は 0.35% 対 0.37% で差なし。8月の高評価率低下をタイトル長では説明できない。 | F12: 施策1の効果が出たあとに再評価。今は変更しない。
A13: 10 | B13: 監視 | C13: 全ch | D13: 08-10週の登録/1000再生 0.27（前週まで0.47-0.69） | E13: 同じ週の再生中央値は1238で期間中最高。リーチは伸びているのに登録に変換できていない。高評価率も0.27%で最低。 | F13: 08-17週以降は経過日数不足でまだ判定不能。08-27に再集計する。
A15: 注意 | D15: 施策1・2・6の根拠である「高評価率2.16倍」は95%信頼区間 1.43〜3.40 の点推定であり、因果は未検証。登録126人のうち53%がscp-lab単独で、pokemon-labでは逆転している。08-31の実測で判定するまで確定扱いしないこと。

Sheet トレンド
A1: トレンド
A3: ■ 週次推移（成熟動画のみ・公開週で集計）
A4: 公開週(月曜) | B4: 本数 | C4: 再生中央値 | D4: 高評価率中央値% | E4: 登録/1000再生 | F4: 維持率中央値%
A5: 2026-06-22 | B5: 20 | C5: 984 | D5: 0.46 | E5: 0.309 | F5: 47.6
A6: 2026-06-29 | B6: 33 | C6: 1103 | D6: 0.434 | E6: 0.58 | F6: 51.5
A7: 2026-07-06 | B7: 35 | C7: 1062 | D7: 0.461 | E7: 0.475 | F7: 50.3
A8: 2026-07-13 | B8: 32 | C8: 968 | D8: 0.499 | E8: 0.635 | F8: 50.9
A9: 2026-07-20 | B9: 16 | C9: 919 | D9: 0.409 | E9: 0.487 | F9: 57.6
A10: 2026-07-27 | B10: 26 | C10: 1195 | D10: 0.307 | E10: 0.688 | F10: 58.5
A11: 2026-08-03 | B11: 42 | C11: 1066 | D11: 0.362 | E11: 0.532 | F11: 52.6
A12: 2026-08-10 | B12: 32 | C12: 1238 | D12: 0.269 | E12: 0.266 | F12: 53.3
A13: 2026-08-17 | B13: 9 | C13: 1161 | D13: 0.296 | E13: 0 | F13: 53.7
A14: ※ 08-17週は n=9 で経過日数も不足。登録0は「まだ計上されていない」であり実績ではない。
A16: ■ 維持率の成熟カーブ（同一動画を日次で追跡・08-05以降公開分）
A17: 公開からの経過日 | B17: サンプル数 | C17: 維持率中央値%
A18: 2 | B18: 24 | C18: 48.5
A19: 3 | B19: 70 | C19: 51.4
A20: 4 | B20: 76 | C20: 53.5
A21: 5 | B21: 65 | C21: 54.4
A22: 6 | B22: 54 | C22: 55.6
A23: 7 | B23: 42 | C23: 54
A24: 8 | B24: 50 | C24: 53.5
A25: 9 | B25: 46 | C25: 54.8
A26: 10 | B26: 26 | C26: 55.5
A27: 2日目48.5%から6日目55.6%まで上昇して頭打ち。直近動画の維持率が低く見えるのはこの成熟バイアス。
A29: ■ 高評価率 四分位 → 登録転換（全ch統合）
A30: 四分位 | B30: 高評価率レンジ | C30: 本数 | D30: 登録/1000再生
A31: Q1 | B31: 0.00-0.24% | C31: 61 | D31: 0.291
A32: Q2 | B32: 0.24-0.40% | C32: 61 | D32: 0.316
A33: Q3 | B33: 0.40-0.55% | C33: 61 | D33: 0.535
A34: Q4 | B34: 0.56-1.39% | C34: 62 | D34: 0.827
A35: Q1→Q4 で 0.29→0.83 と単調増加。
A37: ■ 維持率 四分位 → 登録転換・リーチ（全ch統合）
A38: 四分位 | B38: 維持率レンジ | C38: 本数 | D38: 登録/1000再生 | E38: 再生中央値
A39: Q1 | B39: 32.4-44.5% | C39: 60 | D39: 0.436 | E39: 986
A40: Q2 | B40: 44.9-51.6% | C40: 60 | D40: 0.599 | E40: 1053
A41: Q3 | B41: 51.6-61.6% | C41: 60 | D41: 0.416 | E41: 1078
A42: Q4 | B42: 61.8-195.4% | C42: 63 | D42: 0.477 | E42: 1164
A43: 単調性なし。維持率は登録にもリーチにも効いていない。
